<?xml version="1.0" encoding="UTF-8" standalone="yes"?>
  <rri:gamingReport xmlnsrri="urn:GSA:RRI:1.0:GSA:rri" xmlnsxsi="http://www.w3.org/2001/XMLSchema-instance" version="1.0" operatiorId="Betika" partionId="1" periodType="RRI_day" periodStart="2024-06-23" reportType="RRI_gameSummary" reportid="7b7cfb90cdb6663d4e36b9b9772610eaeb95e8ff65428d32c4535be70cf6e602" seqNumber="1" dateTime="2024-06-24T52:28.14:52:28">
    <gameSummary periodType="RRI_day" periodStart="2024-06-23" brandId="Betika">
      <game gameId="nan" gameName="Aviator" gameCategory="RRI_casinoGame" gameType="RRI_other" gameVariant="RRI_none" />
      <gameSummaryDetail>
        <casinoGameSummary stakeAmt="1545266161.02" freeStakeAmt="nan" refundAmt="8336745.51" baseWinAmt="1524574878.17" jackpotContribAmt="nan" jackpotWinAmt="nan" gamesPlayedCnt="33058936.0" currencyCode="KES" />
      </gameSummaryDetail>
      <gameMovementList>
        <gameMovement transClass="RRI_online" transType="RRI_wager" fundsType="RRI_realMoney" transAmt="1545266161.02" currencyCode="KES" />
      </gameMovementList>
      <gameMovementList>
        <gameMovement transClass="RRI_online" transType="RRI_baseGameWin" fundsType="RRI_realMoney" transAmt="1524574878.17" currencyCode="KES" />
      </gameMovementList>
    </gameSummary>
  </rri:gamingReport>
</?xml version="1.0" encoding="UTF-8" standalone="yes"?>
